<?xml version="1.0" standalone="yes" ?>
<!-- This file has been created by VINCI to allow 
     for more efficient processing of DICOM data 
     in the directory where it is located.
-->
<VinciXMLXchange>
	<Version>Vinci 4.83.0.18556, December 15 2017</Version>
	<NumVersion>4.83.0.18556</NumVersion>
	<TimeStamp>2018-05-23 15:43:01</TimeStamp>
	<LoadDICOMImageVersion>1.60</LoadDICOMImageVersion>
	<DICOMDataSets>1</DICOMDataSets>
	<DICOMFilesFound>35</DICOMFilesFound>
	<VinciDICOMDir34>
		<DataSet>
			<Modality>PT</Modality>
			<PatientName>NM07 QC</PatientName>
			<PatientId>NM07QC</PatientId>
			<StudyDateTimeIso>2018-04-30 12:27:34.000</StudyDateTimeIso>
			<PatientDOBIso>2016-01-01</PatientDOBIso>
			<Protocol></Protocol>
			<Description>HOFFMAN BRAIN</Description>
			<SeriesInstanceUID>1.2.840.113619.2.99.2.1525116993.656941</SeriesInstanceUID>
			<Dimensions_xyz>128 128 35</Dimensions_xyz>
			<Dimension_t>1</Dimension_t>
			<PixelSizes_xyz>2 2 4.25</PixelSizes_xyz>
			<ImageOrientationPatient>1\0\0\0\1\0</ImageOrientationPatient>
			<OrientationRowsColumns>L P</OrientationRowsColumns>
		<Frame>
			<File>
				<Filename>1.2.840.113619.2.99.2.1525117135.713671.dcm</Filename>
				<RescaleIcSl>0 0.493278</RescaleIcSl>
				<MD5Vinci4>F4A8B44E28E5472CE322A1994239C6BE</MD5Vinci4>
				<ImagePosPat>-128 -128 0</ImagePosPat>
				<InstanceNumber>1</InstanceNumber>
				<SliceLocation>0</SliceLocation>
				<ScalarPos>0</ScalarPos>
			</File>
			<File>
				<Filename>1.2.840.113619.2.99.2.1525117135.554826.dcm</Filename>
				<RescaleIcSl>0 0.509726</RescaleIcSl>
				<MD5Vinci4>BAA2648C47B7BA2B873C371E1E9D922C</MD5Vinci4>
				<ImagePosPat>-128 -128 4.25</ImagePosPat>
				<InstanceNumber>2</InstanceNumber>
				<SliceLocation>4.25</SliceLocation>
				<ScalarPos>4.25</ScalarPos>
			</File>
			<File>
				<Filename>1.2.840.113619.2.99.2.1525117135.483321.dcm</Filename>
				<RescaleIcSl>0 0.508251</RescaleIcSl>
				<MD5Vinci4>8318241FD5501242C624C54D8D4670A3</MD5Vinci4>
				<ImagePosPat>-128 -128 8.5</ImagePosPat>
				<InstanceNumber>3</InstanceNumber>
				<SliceLocation>8.5</SliceLocation>
				<ScalarPos>8.5</ScalarPos>
			</File>
			<File>
				<Filename>1.2.840.113619.2.99.2.1525117135.402140.dcm</Filename>
				<RescaleIcSl>0 0.506467</RescaleIcSl>
				<MD5Vinci4>C584F7A1618D9E01AA6B4A4EF0B5CFE2</MD5Vinci4>
				<ImagePosPat>-128 -128 12.75</ImagePosPat>
				<InstanceNumber>4</InstanceNumber>
				<SliceLocation>12.75</SliceLocation>
				<ScalarPos>12.75</ScalarPos>
			</File>
			<File>
				<Filename>1.2.840.113619.2.99.2.1525117135.331820.dcm</Filename>
				<RescaleIcSl>0 0.481485</RescaleIcSl>
				<MD5Vinci4>1AA8AB482F6C6AB1611297877C3B15E1</MD5Vinci4>
				<ImagePosPat>-128 -128 17</ImagePosPat>
				<InstanceNumber>5</InstanceNumber>
				<SliceLocation>17</SliceLocation>
				<ScalarPos>17</ScalarPos>
			</File>
			<File>
				<Filename>1.2.840.113619.2.99.2.1525117135.261993.dcm</Filename>
				<RescaleIcSl>0 0.459872</RescaleIcSl>
				<MD5Vinci4>73F9ED8AE6FD144DC8F317953FFE9512</MD5Vinci4>
				<ImagePosPat>-128 -128 21.25</ImagePosPat>
				<InstanceNumber>6</InstanceNumber>
				<SliceLocation>21.25</SliceLocation>
				<ScalarPos>21.25</ScalarPos>
			</File>
			<File>
				<Filename>1.2.840.113619.2.99.2.1525117135.193436.dcm</Filename>
				<RescaleIcSl>0 0.492078</RescaleIcSl>
				<MD5Vinci4>13A966B09864015606DEDBD725606656</MD5Vinci4>
				<ImagePosPat>-128 -128 25.5</ImagePosPat>
				<InstanceNumber>7</InstanceNumber>
				<SliceLocation>25.5</SliceLocation>
				<ScalarPos>25.5</ScalarPos>
			</File>
			<File>
				<Filename>1.2.840.113619.2.99.2.1525117135.111904.dcm</Filename>
				<RescaleIcSl>0 0.488572</RescaleIcSl>
				<MD5Vinci4>74C89FBA3FEF78C2E1E1F40364AF8CA2</MD5Vinci4>
				<ImagePosPat>-128 -128 29.75</ImagePosPat>
				<InstanceNumber>8</InstanceNumber>
				<SliceLocation>29.75</SliceLocation>
				<ScalarPos>29.75</ScalarPos>
			</File>
			<File>
				<Filename>1.2.840.113619.2.99.2.1525117135.42068.dcm</Filename>
				<RescaleIcSl>0 0.496563</RescaleIcSl>
				<MD5Vinci4>A08EA9135551C2B863AD13C0DBC76CD8</MD5Vinci4>
				<ImagePosPat>-128 -128 34</ImagePosPat>
				<InstanceNumber>9</InstanceNumber>
				<SliceLocation>34</SliceLocation>
				<ScalarPos>34</ScalarPos>
			</File>
			<File>
				<Filename>1.2.840.113619.2.99.2.1525117134.973799.dcm</Filename>
				<RescaleIcSl>0 0.462938</RescaleIcSl>
				<MD5Vinci4>4084CCB2EFF76EB5EEFCD816C0BA64ED</MD5Vinci4>
				<ImagePosPat>-128 -128 38.25</ImagePosPat>
				<InstanceNumber>10</InstanceNumber>
				<SliceLocation>38.25</SliceLocation>
				<ScalarPos>38.25</ScalarPos>
			</File>
			<File>
				<Filename>1.2.840.113619.2.99.2.1525117134.913198.dcm</Filename>
				<RescaleIcSl>0 0.467361</RescaleIcSl>
				<MD5Vinci4>AC47082383B1AB525A0C0E9C0A07FE8C</MD5Vinci4>
				<ImagePosPat>-128 -128 42.5</ImagePosPat>
				<InstanceNumber>11</InstanceNumber>
				<SliceLocation>42.5</SliceLocation>
				<ScalarPos>42.5</ScalarPos>
			</File>
			<File>
				<Filename>1.2.840.113619.2.99.2.1525117134.841699.dcm</Filename>
				<RescaleIcSl>0 0.446367</RescaleIcSl>
				<MD5Vinci4>8476EF92966ADEB5CD10B99F96907511</MD5Vinci4>
				<ImagePosPat>-128 -128 46.75</ImagePosPat>
				<InstanceNumber>12</InstanceNumber>
				<SliceLocation>46.75</SliceLocation>
				<ScalarPos>46.75</ScalarPos>
			</File>
			<File>
				<Filename>1.2.840.113619.2.99.2.1525117134.771974.dcm</Filename>
				<RescaleIcSl>0 0.464315</RescaleIcSl>
				<MD5Vinci4>9730C1D63FDF7C81BDB94D83A2088AB1</MD5Vinci4>
				<ImagePosPat>-128 -128 51</ImagePosPat>
				<InstanceNumber>13</InstanceNumber>
				<SliceLocation>51</SliceLocation>
				<ScalarPos>51</ScalarPos>
			</File>
			<File>
				<Filename>1.2.840.113619.2.99.2.1525117134.683301.dcm</Filename>
				<RescaleIcSl>0 0.461888</RescaleIcSl>
				<MD5Vinci4>A77458C1E21D373A9127DFAD0777FF57</MD5Vinci4>
				<ImagePosPat>-128 -128 55.25</ImagePosPat>
				<InstanceNumber>14</InstanceNumber>
				<SliceLocation>55.25</SliceLocation>
				<ScalarPos>55.25</ScalarPos>
			</File>
			<File>
				<Filename>1.2.840.113619.2.99.2.1525117134.623151.dcm</Filename>
				<RescaleIcSl>0 0.444099</RescaleIcSl>
				<MD5Vinci4>93015E82CDE727F0B135706C23C2762E</MD5Vinci4>
				<ImagePosPat>-128 -128 59.5</ImagePosPat>
				<InstanceNumber>15</InstanceNumber>
				<SliceLocation>59.5</SliceLocation>
				<ScalarPos>59.5</ScalarPos>
			</File>
			<File>
				<Filename>1.2.840.113619.2.99.2.1525117134.541885.dcm</Filename>
				<RescaleIcSl>0 0.457435</RescaleIcSl>
				<MD5Vinci4>C3708AD1E11A054E6D8567CC46CC97AF</MD5Vinci4>
				<ImagePosPat>-128 -128 63.75</ImagePosPat>
				<InstanceNumber>16</InstanceNumber>
				<SliceLocation>63.75</SliceLocation>
				<ScalarPos>63.75</ScalarPos>
			</File>
			<File>
				<Filename>1.2.840.113619.2.99.2.1525117134.472050.dcm</Filename>
				<RescaleIcSl>0 0.467921</RescaleIcSl>
				<MD5Vinci4>2F54C73AE0BA2D17EAADAD734928FDD0</MD5Vinci4>
				<ImagePosPat>-128 -128 68</ImagePosPat>
				<InstanceNumber>17</InstanceNumber>
				<SliceLocation>68</SliceLocation>
				<ScalarPos>68</ScalarPos>
			</File>
			<File>
				<Filename>1.2.840.113619.2.99.2.1525117134.393625.dcm</Filename>
				<RescaleIcSl>0 0.451229</RescaleIcSl>
				<MD5Vinci4>8C703FC20B1FBE72E020D642F670E514</MD5Vinci4>
				<ImagePosPat>-128 -128 72.25</ImagePosPat>
				<InstanceNumber>18</InstanceNumber>
				<SliceLocation>72.25</SliceLocation>
				<ScalarPos>72.25</ScalarPos>
			</File>
			<File>
				<Filename>1.2.840.113619.2.99.2.1525117134.311862.dcm</Filename>
				<RescaleIcSl>0 0.465605</RescaleIcSl>
				<MD5Vinci4>0E8932A592D70998BF8DD9F9F8D5FD6E</MD5Vinci4>
				<ImagePosPat>-128 -128 76.5</ImagePosPat>
				<InstanceNumber>19</InstanceNumber>
				<SliceLocation>76.5</SliceLocation>
				<ScalarPos>76.5</ScalarPos>
			</File>
			<File>
				<Filename>1.2.840.113619.2.99.2.1525117134.241928.dcm</Filename>
				<RescaleIcSl>0 0.499731</RescaleIcSl>
				<MD5Vinci4>1A687272CF94752D569B9A56909CF00E</MD5Vinci4>
				<ImagePosPat>-128 -128 80.75</ImagePosPat>
				<InstanceNumber>20</InstanceNumber>
				<SliceLocation>80.75</SliceLocation>
				<ScalarPos>80.75</ScalarPos>
			</File>
			<File>
				<Filename>1.2.840.113619.2.99.2.1525117134.173361.dcm</Filename>
				<RescaleIcSl>0 0.48323</RescaleIcSl>
				<MD5Vinci4>4A6F86315C0B7C7ECC05D9683F2C056E</MD5Vinci4>
				<ImagePosPat>-128 -128 85</ImagePosPat>
				<InstanceNumber>21</InstanceNumber>
				<SliceLocation>85</SliceLocation>
				<ScalarPos>85</ScalarPos>
			</File>
			<File>
				<Filename>1.2.840.113619.2.99.2.1525117134.113255.dcm</Filename>
				<RescaleIcSl>0 0.455907</RescaleIcSl>
				<MD5Vinci4>AE85DABF993B53C92548A7E69CE1B735</MD5Vinci4>
				<ImagePosPat>-128 -128 89.25</ImagePosPat>
				<InstanceNumber>22</InstanceNumber>
				<SliceLocation>89.25</SliceLocation>
				<ScalarPos>89.25</ScalarPos>
			</File>
			<File>
				<Filename>1.2.840.113619.2.99.2.1525117134.31654.dcm</Filename>
				<RescaleIcSl>0 0.438983</RescaleIcSl>
				<MD5Vinci4>22FFB7DB3ED536B31CD840625EE0FC8A</MD5Vinci4>
				<ImagePosPat>-128 -128 93.5</ImagePosPat>
				<InstanceNumber>23</InstanceNumber>
				<SliceLocation>93.5</SliceLocation>
				<ScalarPos>93.5</ScalarPos>
			</File>
			<File>
				<Filename>1.2.840.113619.2.99.2.1525117133.962125.dcm</Filename>
				<RescaleIcSl>0 0.418394</RescaleIcSl>
				<MD5Vinci4>41ABB29FDCFF82B015C58B8615CDC44C</MD5Vinci4>
				<ImagePosPat>-128 -128 97.75</ImagePosPat>
				<InstanceNumber>24</InstanceNumber>
				<SliceLocation>97.75</SliceLocation>
				<ScalarPos>97.75</ScalarPos>
			</File>
			<File>
				<Filename>1.2.840.113619.2.99.2.1525117133.893178.dcm</Filename>
				<RescaleIcSl>0 0.412695</RescaleIcSl>
				<MD5Vinci4>C4F9BB6BD0FC2F383BB9B08A60F3E34E</MD5Vinci4>
				<ImagePosPat>-128 -128 102</ImagePosPat>
				<InstanceNumber>25</InstanceNumber>
				<SliceLocation>102</SliceLocation>
				<ScalarPos>102</ScalarPos>
			</File>
			<File>
				<Filename>1.2.840.113619.2.99.2.1525117133.833488.dcm</Filename>
				<RescaleIcSl>0 0.392093</RescaleIcSl>
				<MD5Vinci4>EF6ED8F591E4A36C294E2B46E50D9B8F</MD5Vinci4>
				<ImagePosPat>-128 -128 106.25</ImagePosPat>
				<InstanceNumber>26</InstanceNumber>
				<SliceLocation>106.25</SliceLocation>
				<ScalarPos>106.25</ScalarPos>
			</File>
			<File>
				<Filename>1.2.840.113619.2.99.2.1525117133.754509.dcm</Filename>
				<RescaleIcSl>0 0.372011</RescaleIcSl>
				<MD5Vinci4>615C165C9D96B5BB3D0DFA338416DCA3</MD5Vinci4>
				<ImagePosPat>-128 -128 110.5</ImagePosPat>
				<InstanceNumber>27</InstanceNumber>
				<SliceLocation>110.5</SliceLocation>
				<ScalarPos>110.5</ScalarPos>
			</File>
			<File>
				<Filename>1.2.840.113619.2.99.2.1525117133.692009.dcm</Filename>
				<RescaleIcSl>0 0.354192</RescaleIcSl>
				<MD5Vinci4>5BC0564E50AF5C7830AD327BA0FEA06E</MD5Vinci4>
				<ImagePosPat>-128 -128 114.75</ImagePosPat>
				<InstanceNumber>28</InstanceNumber>
				<SliceLocation>114.75</SliceLocation>
				<ScalarPos>114.75</ScalarPos>
			</File>
			<File>
				<Filename>1.2.840.113619.2.99.2.1525117133.623149.dcm</Filename>
				<RescaleIcSl>0 0.294581</RescaleIcSl>
				<MD5Vinci4>FA2446DF88A0509CCD1661B3A42F3FEB</MD5Vinci4>
				<ImagePosPat>-128 -128 119</ImagePosPat>
				<InstanceNumber>29</InstanceNumber>
				<SliceLocation>119</SliceLocation>
				<ScalarPos>119</ScalarPos>
			</File>
			<File>
				<Filename>1.2.840.113619.2.99.2.1525117133.541789.dcm</Filename>
				<RescaleIcSl>0 0.14178</RescaleIcSl>
				<MD5Vinci4>8E7783BC8D07080473BDA4A542F6B00C</MD5Vinci4>
				<ImagePosPat>-128 -128 123.25</ImagePosPat>
				<InstanceNumber>30</InstanceNumber>
				<SliceLocation>123.25</SliceLocation>
				<ScalarPos>123.25</ScalarPos>
			</File>
			<File>
				<Filename>1.2.840.113619.2.99.2.1525117133.471985.dcm</Filename>
				<RescaleIcSl>0 0.0587289</RescaleIcSl>
				<MD5Vinci4>50752A9D055B7D8F05C3EE3FCF489821</MD5Vinci4>
				<ImagePosPat>-128 -128 127.5</ImagePosPat>
				<InstanceNumber>31</InstanceNumber>
				<SliceLocation>127.5</SliceLocation>
				<ScalarPos>127.5</ScalarPos>
			</File>
			<File>
				<Filename>1.2.840.113619.2.99.2.1525117133.402066.dcm</Filename>
				<RescaleIcSl>0 0.0510101</RescaleIcSl>
				<MD5Vinci4>8C2988BC061B5A13108E15D15FEEC984</MD5Vinci4>
				<ImagePosPat>-128 -128 131.75</ImagePosPat>
				<InstanceNumber>32</InstanceNumber>
				<SliceLocation>131.75</SliceLocation>
				<ScalarPos>131.75</ScalarPos>
			</File>
			<File>
				<Filename>1.2.840.113619.2.99.2.1525117133.332159.dcm</Filename>
				<RescaleIcSl>0 0.0464081</RescaleIcSl>
				<MD5Vinci4>01FAA7D6E6EDA447C19A010FFD599BEE</MD5Vinci4>
				<ImagePosPat>-128 -128 136</ImagePosPat>
				<InstanceNumber>33</InstanceNumber>
				<SliceLocation>136</SliceLocation>
				<ScalarPos>136</ScalarPos>
			</File>
			<File>
				<Filename>1.2.840.113619.2.99.2.1525117133.212971.dcm</Filename>
				<RescaleIcSl>0 0.0367042</RescaleIcSl>
				<MD5Vinci4>9A8FFC9935CC6676280EE117CB1E3AB8</MD5Vinci4>
				<ImagePosPat>-128 -128 140.25</ImagePosPat>
				<InstanceNumber>34</InstanceNumber>
				<SliceLocation>140.25</SliceLocation>
				<ScalarPos>140.25</ScalarPos>
			</File>
			<File>
				<Filename>1.2.840.113619.2.99.2.1525117133.52678.dcm</Filename>
				<RescaleIcSl>0 0.0390685</RescaleIcSl>
				<MD5Vinci4>04F466E5B52FA2A7DD2F0DAB3CB09297</MD5Vinci4>
				<ImagePosPat>-128 -128 144.5</ImagePosPat>
				<InstanceNumber>35</InstanceNumber>
				<SliceLocation>144.5</SliceLocation>
				<ScalarPos>144.5</ScalarPos>
			</File>
		</Frame>
		</DataSet>
	</VinciDICOMDir34>
</VinciXMLXchange>
